
{
    "region" : "us-east-1",
    "configuration" : "Debug",
    "framework"     : "net6.0",
    "self-contained" : false,
    "application"    : "WebAPIbeanstalk",
    "environment"    : "WebAPIbeanstalk-dev",
    "enable-xray"    : false,
    "enhanced-health-type" : "basic",
    "additional-options"   : "\"aws:autoscaling:launchconfiguration,SecurityGroups\"=\"sg-090dd3aa85cf1cc92\";\"aws:ec2:vpc,Subnets\"=\"subnet-0a615d99d7d3c8b2c\"",
    "solution-stack"       : "64bit Amazon Linux 2 v2.5.3 running .NET Core",
    "environment-type"     : "SingleInstance",
    "cname"                : "webapibeanstalk-dev",
    "instance-type"        : "t1.micro",
    "key-pair"             : "",
    "instance-profile"     : "aws-elasticbeanstalk-ec2-role",
    "service-role"         : "aws-elasticbeanstalk-service-role",
    "proxy-server"         : "nginx"
}