
{
    "region" : "us-east-1",
    "configuration" : "Debug",
    "framework"     : "net6.0",
    "self-contained" : false,
    "application"    : "WebAPIbeanstalk-2",
    "environment"    : "WebAPIbeanstalk-2-dev",
    "enable-xray"    : false,
    "enhanced-health-type" : "basic",
    "additional-options"   : "\"aws:autoscaling:launchconfiguration,SecurityGroups\"=\"sg-0463eac94167f48aa,sg-07422fc07b6121bfb\";\"aws:ec2:vpc,Subnets\"=\"subnet-0a615d99d7d3c8b2c,subnet-0197ec50a57f5fccc,subnet-0759f036f1c116eac\"",
    "solution-stack"       : "64bit Amazon Linux 2 v2.5.3 running .NET Core",
    "environment-type"     : "SingleInstance",
    "cname"                : "webapibeanstalk-2-dev",
    "instance-type"        : "t2.micro",
    "key-pair"             : "",
    "instance-profile"     : "aws-elasticbeanstalk-WebAPIbeanstalk-2-dev-0",
    "service-role"         : "aws-elasticbeanstalk-service-role",
    "proxy-server"         : "nginx"
}